username,password,phone,nickname,birthday,sex,card_id,bank_id,email,address
n********g,307a02******,138****3778,牛*玲,1998****,男,******1998********,62***************72,t*******@nwbub.com,四川省成都市*******************
k******o,307802******,153****0232,孔*,2001****,女,******2001********,62***************62,l*******@ukwqy.org,辽宁省铁岭市*********************
x*****n,307702******,138****1103,萧*,2005****,男,******2005********,62************64,o*******@cpsmv.net,内蒙古自治区************************
h**********n,307c02******,159****9183,皇**怡,2013****,女,******2013********,62***************55,w*******@zgfpj.com.cn,新疆维吾尔自****************************
w********i,307a02******,153****8949,万**易,1992****,男,******1992********,46************11,e*******@oskyb.vip,四川省泸州市*********************
n**********e,307c02******,132****5258,南**咏,1980****,女,******1980********,62************88,k*******@ultkf.org,新疆维吾尔自**************************
l*****i,307702******,153****8094,卢*易,1999****,女,******1999********,62**************06,a*******@osmor.xyz,云南省德宏傣****************************
j********n,307a02******,189****1564,江*军,1997****,女,******1997********,62***************67,b*******@ecdel.org,山东省枣庄市*******************
y***********g,307d02******,170****5166,杨*江,2011****,男,******2011********,62************59,o*******@lrhnv.com,陕西省汉中市********************
y*****n,307702******,145****9439,尹*,1973****,男,******1973********,62***************61,s*******@wkcoj.us,甘肃省嘉峪关**********************
s**********g,307c02******,181****5754,沈*洪,2008****,男,******2008********,96************97,z*******@kmmuc.cn,浙江省丽水市********************
y**********i,307c02******,131****7980,宇**晓,2007****,男,******2007********,62***************94,b*******@kfeca.xyz,甘肃省定西市********************
w*******i,307902******,152****7473,韦*仪,1986****,男,******1986********,62***************97,v*******@kwkep.us,江苏省镇江市*********************
l********u,307a02******,170****3908,廖*钰,1979****,女,******1979********,62************98,b*******@jnirt.cn,宁夏回族自治*************************
w********o,307a02******,184****3088,武*俏,2014****,女,******2014********,62************14,r*******@bhbvd.vip,山东省淄博市********************
z*******n,307902******,136****2746,赵*婉,1976****,女,******1976********,62***************47,h*******@vihwk.net,山东省威海市*********************
g**************g,308180******,187****8777,公**云,2000****,女,******2000********,62***************84,l*******@bzklm.com.cn,辽宁省阜新市********************
l*******n,307902******,137****0689,雷*欣,1997****,男,******1997********,62***************57,y*******@cvibt.com.cn,甘肃省武威市********************
t*********n,307b02******,184****4507,拓**民,1985****,男,******1985********,62***************31,p*******@xdbps.club,贵州省黔南布***************************
x*******n,307902******,153****5959,许*山,1988****,男,******1988********,62************57,y*******@umzvy.biz,四川省达州市*********************
g*****i,307702******,147****2699,顾*怡,2015****,女,******2015********,62***************16,m*******@pcufh.info,广西壮族自治************************
f*******n,307902******,187****8088,范*媛,1975****,女,******1975********,62************48,r*******@xdbtm.xyz,新疆维吾尔自****************************
z******i,307802******,188****6589,邹*琦,1996****,女,******1996********,62*************99,n*******@vwhbt.info,安徽省黄山市*********************
s******i,307802******,185****3512,孙*济,1975****,女,******1975********,62***************12,s*******@anvpv.xyz,黑龙江省伊春*********************
l********g,307a02******,151****7714,卢*青,1989****,男,******1989********,62************24,l*******@ffvfz.com.cn,吉林省长春市*********************
w**********i,307c02******,152****1264,闻**宸,1996****,女,******1996********,62***************51,h*******@cpgkq.net,内蒙古自治区*************************
p******i,307802******,145****5512,潘*莱,2009****,女,******2009********,62***************47,i*******@dflvj.com,海南省三亚市******************
h*******e,307902******,131****8257,洪*哲,2004****,男,******2004********,62***************92,g*******@mwlbo.net,浙江省金华市*******************
g*********i,307b02******,156****5076,公**蔓,1984****,女,******1984********,62***************56,m*******@ypcnz.club,陕西省咸阳市*********************
y********n,307a02******,133****6552,杨*俊,1975****,男,******1975********,62************17,q*******@hovma.space,黑龙江省七台*********************
g******n,307802******,152****3587,高*鑫,2006****,男,******2006********,44************62,i*******@xpvvf.me,澳门特别行政****************************
m***********i,307d02******,147****2096,慕**鸣,1998****,女,******1998********,62************77,d*******@gmdvw.us,河南省平顶山*******************
z***********g,307d02******,155****9779,张*桐,1986****,男,******1986********,62************04,w*******@qnlsp.com,江西省上饶市*******************
d*******a,307902******,132****9904,邓*雅,1982****,男,******1982********,62***************89,t*******@czuwj.me,湖北省黄石市*********************
t****i,307602******,187****3502,谭*,1988****,男,******1988********,62***************28,r*******@pbhyr.space,广西壮族自治************************
l*******i,307902******,177****3948,罗*玮,2016****,女,******2016********,62*************16,r*******@lvngs.me,宁夏回族自治*************************
g**********i,307c02******,184****6662,公**骞,1996****,女,******1996********,62***************64,z*******@uscce.xyz,四川省资阳市********************
h*******i,307902******,138****2434,皇*丽,1978****,男,******1978********,62************05,u*******@dpndv.com.cn,山西省忻州市********************
p*********g,307b02******,178****2671,潘*锋,1977****,男,******1977********,62***************14,h*******@pzyur.club,青海省海东地**********************
c*******n,307902******,180****4765,崔*轩,1973****,男,******1973********,62***************27,h*******@ydvmo.biz,安徽省黄山市********************
d**********g,307c02******,182****6000,端**琪,2009****,男,******2009********,62**************72,e*******@lafve.club,辽宁省鞍山市********************
g**********g,307c02******,136****8100,公**叶,1989****,男,******1989********,52************65,q*******@fhotu.space,新疆维吾尔自**************************
n***********o,307d02******,147****7212,南**顺,2001****,女,******2001********,62************68,o*******@jhqgh.space,广东省佛山市********************
p******n,307802******,147****4300,潘*安,2008****,男,******2008********,96**************42,c*******@hzvpv.org,吉林省松原市*******************
w*****i,307702******,150****0100,吴*糜,1993****,男,******1993********,62***************65,a*******@urarx.space,福建省三明市*********************
z*******i,307902******,136****5786,周*斐,1985****,女,******1985********,62************82,f*******@iwfjb.xyz,贵州省黔东南***************************
z******i,307802******,145****6786,赵*伊,1999****,男,******1999********,62**************94,q*******@xchkc.us,山东省济南市*********************
y******o,307802******,130****2140,袁*波,1976****,女,******1976********,62***************13,h*******@pbrdr.net,云南省丽江市*********************
t*****i,307702******,153****7064,田*,1972****,女,******1972********,62***************56,z*******@pyhrk.net,山西省长治市********************
s***n,307502******,183****8589,苏*,1999****,女,******1999********,62***************79,a*******@yzjrt.xyz,广西壮族自治************************
s**********g,307c02******,133****9531,石*胜,1984****,男,******1984********,62************73,u*******@nkhlt.cn,青海省玉树藏***********************
z**********n,307c02******,153****6230,郑*权,2012****,男,******2012********,62***************02,l*******@bafes.us,广东省梅州市********************
g**************a,308180******,180****6372,公**乔,1978****,男,******1978********,62***************26,q*******@cqkak.biz,云南省德宏傣****************************
k********n,307a02******,182****7382,孔*心,1972****,男,******1972********,62***************77,h*******@ixksg.net,湖北省黄冈市*********************
l***********i,307d02******,159****5079,令**真,2004****,男,******2004********,62***************41,i*******@isvfv.com,山东省莱芜市********************
d***********g,307d02******,176****3893,段*生,2011****,男,******2011********,62***************72,u*******@msfgv.cloud,河南省平顶山*********************
g***********n,307d02******,147****4403,公**靖,1981****,男,******1981********,62*************52,r*******@sfvcs.cn,山东省济宁市*********************
p*******n,307902******,138****8921,潘*棉,1984****,男,******1984********,62***************99,j*******@gibeq.biz,福建省龙岩市********************
g**********u,307c02******,134****3494,公**晨,1979****,女,******1979********,44************45,h*******@huutk.us,河北省石家庄********************
x********o,307a02******,138****7529,薛*国,1995****,男,******1995********,62***************31,g*******@ckreu.com,云南省曲靖市********************
w*******g,307902******,184****4461,韦*枫,1999****,男,******1999********,62***************87,n*******@cxipl.store,云南省大理白************************
g***************g,308181******,153****8896,公**小,2000****,男,******2000********,62***************85,y*******@boiiq.com.cn,内蒙古自治区************************
j*********n,307b02******,134****4987,江*欣,1979****,女,******1979********,62**************58,m*******@favke.space,贵州省黔西南****************************
q*******n,307902******,178****0951,秦*芬,1974****,男,******1974********,62************28,p*******@juirs.com.cn,辽宁省大连市*******************
k*********g,307b02******,177****9889,孔*婷,2004****,男,******2004********,51************11,k*******@qfhip.me,湖北省宜昌市*********************
h********o,307a02******,150****5187,韩*涛,2018****,女,******2018********,62************88,j*******@pxgtd.com,湖南省邵阳市*********************
g*********i,307b02******,177****8431,公**珉,1977****,女,******1977********,62***************44,e*******@qyixg.co,吉林省四平市*********************
s*******i,307902******,188****0360,沈*一,2010****,女,******2010********,62***************63,k*******@tpvrd.cn,河北省衡水市********************
d*****n,307702******,130****3521,董*,1991****,男,******1991********,62***************16,n*******@tgzac.co,青海省海南藏***********************
g*******n,307902******,135****9119,顾*楠,1986****,男,******1986********,62***************87,r*******@clezf.biz,甘肃省兰州市********************
t**********n,307c02******,139****9807,太**宇,1988****,男,******1988********,62***************92,l*******@mxypc.space,湖北省恩施土****************************
m*****u,307702******,180****5917,马*予,1980****,女,******1980********,62***************81,e*******@sjfur.xyz,新疆维吾尔自**************************
h******n,307802******,184****3450,侯*麟,2000****,男,******2000********,62***************39,x*******@alfny.vip,西藏自治区昌**********************
z****i,307602******,157****9498,周*,1989****,男,******1989********,62***************11,v*******@qokdx.cn,广东省阳江市*********************
n*************g,307f02******,134****0895,南**轩,2010****,男,******2010********,47************31,k*******@jtraq.co,河北省衡水市*******************
d********n,307a02******,138****4683,董*金,1991****,女,******1991********,62***************57,p*******@xmnfx.me,湖北省襄樊市*******************
d**********g,307c02******,151****2740,段*明,2019****,男,******2019********,62***************09,a*******@iqinz.com.cn,安徽省阜阳市********************
g*************g,307f02******,134****6829,谷**增,1995****,女,******1995********,62************66,a*******@csqro.com.cn,贵州省黔南布***************************
h*****i,307702******,185****6594,何*来,2010****,男,******2010********,96**************68,o*******@murfi.cn,四川省甘孜藏************************
l******n,307802******,145****6420,刘*涵,2014****,男,******2014********,62***************01,e*******@xzpal.club,福建省南平市*********************
x****o,307602******,139****2945,许*,1976****,女,******1976********,62***************79,u*******@vfgsh.com.cn,浙江省舟山市*********************
z********n,307a02******,133****5151,张*焱,2019****,男,******2019********,62***************67,w*******@kbrqi.me,山西省吕梁市********************
o**********i,307c02******,159****4998,欧**汉,1972****,女,******1972********,62************97,t*******@bcoen.space,山东省聊城市*******************
g**********g,307c02******,156****4526,顾*良,1981****,男,******1981********,62***************42,n*******@vijpq.space,安徽省池州市********************
d*************g,307f02******,185****4620,东**锐,1994****,女,******1994********,62***************69,j*******@jlbyi.info,河北省承德市********************
x**********n,307c02******,188****6172,鲜**秋,1999****,男,******1999********,62***************98,b*******@qjwii.space,四川省阿坝藏************************
w*******e,307902******,157****2913,王*哲,1997****,男,******1997********,62************35,c*******@nncpt.com.cn,湖南省永州市*******************
h*******g,307902******,131****4080,何*航,1989****,女,******1989********,62***************34,e*******@ybcyi.us,广东省佛山市********************
h**********u,307c02******,131****4608,洪*舟,2004****,男,******2004********,62************06,t*******@ioyjk.cn,辽宁省丹东市********************
w*******n,307902******,133****3105,魏*敏,1995****,女,******1995********,62**************72,k*******@iejhc.co,云南省丽江市*********************
w********g,307a02******,184****5849,巫**丽,2004****,男,******2004********,62************48,c*******@xhexi.space,四川省遂宁市********************
j******e,307802******,136****6430,贾*捷,2003****,女,******2003********,62************92,z*******@dlpmi.net,湖南省岳阳市********************
w*****n,307702******,132****5695,吴*妍,2019****,男,******2019********,62************09,d*******@jkmjs.co,广西壮族自治************************
y*********g,307b02******,138****7318,尹*量,1999****,女,******1999********,62***************28,j*******@elkfb.net,江西省宜春市********************
d*******i,307902******,186****2194,独**氏,2017****,男,******2017********,62***************91,n*******@ibuzv.cn,湖北省孝感市*********************
f********o,307a02******,138****9581,冯*皓,1993****,男,******1993********,62***************41,r*******@iwbif.org,浙江省杭州市*******************
c****n,307602******,184****4106,曹*,2008****,男,******2008********,62***************66,n*******@xjlha.org,湖南省怀化市*********************
w********g,307a02******,176****4619,魏*廷,2011****,女,******2011********,62***************46,b*******@afnkv.com.cn,四川省攀枝花*******************
d********n,307a02******,158****5342,段*焕,2017****,女,******2017********,62************61,u*******@ktzao.space,广西壮族自治***********************
f*****n,307702******,134****1998,方*,2002****,女,******2002********,62************73,c*******@oekmm.co,广东省江门市********************
l*********g,307b02******,135****1172,卢*英,1980****,女,******1980********,62***************55,j*******@khncn.space,福建省福州市*******************
l*********g,307b02******,183****8339,吕*骋,1980****,男,******1980********,62***************06,a*******@mgiju.cloud,贵州省黔东南***************************
s*****i,307702******,176****2617,孙*棋,1989****,男,******1989********,62***************31,d*******@aimmh.club,河南省南阳市*******************
g***********g,307d02******,147****6947,公**子,1977****,女,******1977********,62************71,i*******@ahlyj.cloud,云南省楚雄彝*************************
c********a,307a02******,135****7783,蔡*桦,1993****,男,******1993********,62***************43,l*******@ngipq.biz,江西省景德镇********************
l**********e,307c02******,188****7199,乐**奥,1974****,男,******1974********,62***************95,z*******@pmmwt.biz,贵州省遵义市*********************
f*******g,307902******,157****0787,范*明,1976****,男,******1976********,62************93,l*******@ncoqq.cloud,山西省吕梁市*********************
j******n,307802******,178****4675,金*彬,2002****,男,******2002********,62***************99,e*******@lpcnc.net,湖南省常德市*********************
b**********n,307c02******,135****0753,百**清,2000****,女,******2000********,62***************13,u*******@mkfvm.com.cn,山西省朔州市*******************
t***********e,307d02******,133****0872,太**弘,1988****,男,******1988********,62***************39,t*******@nvprb.com.cn,浙江省舟山市*********************
w*********n,307b02******,189****8413,王*萱,2008****,男,******2008********,62************75,b*******@nnuey.cloud,黑龙江省大庆*********************
l********n,307a02******,139****1815,赖*仙,1992****,男,******1992********,62***************95,n*******@awbpm.me,湖北省荆州市*********************
l*********e,307b02******,170****2348,龙*雪,1995****,男,******1995********,62***************43,n*******@bbkvb.net,广东省清远市*********************
l******n,307802******,132****5529,雷*帆,1989****,女,******1989********,62***************69,h*******@vtewy.net,广东省广州市********************
l*********g,307b02******,189****9865,刘*翔,2007****,男,******2007********,62***************21,h*******@uklzf.com,黑龙江省鸡西*********************
s********n,307a02******,147****3565,孙*宸,2011****,女,******2011********,62************86,o*******@llmla.org,吉林省延边朝*************************
d******i,307802******,182****4371,杜*义,2006****,女,******2006********,62***************66,p*******@pheav.net,内蒙古自治区************************
g*********n,307b02******,136****7070,公**雅,2010****,女,******2010********,62************15,f*******@cnhxu.store,西藏自治区拉*********************
w******n,307802******,135****9043,万*琴,2016****,女,******2016********,62***************91,g*******@agnts.co,河南省焦作市*********************
w****e,307602******,184****1462,巫*可,1985****,女,******1985********,62***************94,x*******@elnqa.us,江西省赣州市*****************
l*****e,307702******,159****8516,廖*,2006****,女,******2006********,62***************84,y*******@xuqkn.store,云南省普洱市*********************
y********n,307a02******,157****6937,宇**子,2000****,男,******2000********,62************19,e*******@dnwgw.xyz,云南省西双版**************************
w**********g,307c02******,157****4610,万*强,2016****,女,******2016********,62***************72,w*******@lsxgp.store,浙江省杭州市*********************
c********g,307a02******,135****5992,崔*生,2016****,男,******2016********,62***************15,y*******@wrezl.cloud,福建省南平市*******************
p********n,307a02******,139****8663,濮*天,1986****,女,******1986********,62***************43,l*******@ndezc.com.cn,湖北省随州市********************
s*********a,307b02******,188****8640,申**雨,1975****,男,******1975********,62***************92,w*******@jxill.me,广东省中山市*********************
l*********g,307b02******,155****4571,廖*平,1985****,男,******1985********,62***************08,w*******@onwjp.org,广东省江门市*********************
f*********g,307b02******,150****9273,范*丰,2002****,女,******2002********,62*************82,n*******@zefrk.us,吉林省辽源市********************
d*************n,307f02******,136****3608,东**君,1976****,女,******1976********,62**************11,j*******@kvttl.net,浙江省台州市*******************
d**********n,307c02******,185****1160,端**子,1975****,女,******1975********,62***************68,b*******@mrqgq.biz,安徽省蚌埠市********************
y*******u,307902******,132****0609,严*洲,2008****,男,******2008********,62**************67,s*******@tmxsf.store,江西省萍乡市*******************
d********n,307a02******,150****4971,段*钒,2003****,男,******2003********,62***************06,t*******@cpnzg.cn,安徽省阜阳市********************
w*********i,307b02******,133****6980,汪*怀,2000****,女,******2000********,62************85,r*******@rvdyq.com,湖南省常德市*********************
j**********g,307c02******,136****4786,蒋*颖,1974****,男,******1974********,62************07,i*******@elzub.store,辽宁省丹东市******************
x*************g,307f02******,145****7464,夏**远,2019****,男,******2019********,62***************39,y*******@unidk.co,黑龙江省大庆*********************
l*******o,307902******,183****2897,林*超,1982****,女,******1982********,62***************32,w*******@nntui.cn,云南省丽江市*******************
y***********g,307d02******,187****6632,杨*江,2008****,女,******2008********,62***************19,f*******@njvvy.com,河北省保定市*******************
z**********i,307c02******,156****3061,钟**艳,2017****,男,******2017********,62***************91,h*******@cxmrk.me,江西省景德镇*********************
q********n,307a02******,133****6458,邱*馨,1979****,女,******1979********,62***************36,r*******@aoeby.biz,甘肃省兰州市********************
g*********o,307b02******,186****1316,公**珺,1979****,女,******1979********,62************82,r*******@fkqvm.cloud,湖北省恩施土**************************
s******g,307802******,188****4436,石*,2003****,男,******2003********,62***************11,p*******@nddvt.club,内蒙古自治区*************************
l*****g,307702******,156****1120,陆*,2007****,女,******2007********,62***************88,s*******@ycapm.co,贵州省六盘水*********************
z***********i,307d02******,159****4266,钟**菲,1976****,男,******1976********,62************31,q*******@pmeat.store,安徽省巢湖市*********************
m********n,307a02******,184****5494,孟*兰,2003****,男,******2003********,62***************76,m*******@mapzu.cn,广西壮族自治***********************
h**i,307402******,157****3237,胡*,1971****,女,******1971********,62************59,r*******@oislm.space,安徽省淮南市*********************
c******i,307802******,178****0777,曾*怡,2000****,男,******2000********,62************56,y*******@pdvao.cloud,河南省平顶山**********************
w********g,307a02******,178****3249,魏*宁,1994****,男,******1994********,62***************41,m*******@oiqoy.net,贵州省铜仁地**********************
d********g,307a02******,147****8286,杜*铭,1980****,男,******1980********,62***************52,j*******@vblbs.com.cn,吉林省吉林市********************
h*********g,307b02******,135****4509,韩*宁,2009****,女,******2009********,62***************16,b*******@vrmxe.club,西藏自治区林***********************
s******n,307802******,189****2097,史*泯,2007****,女,******2007********,62************09,x*******@szsjh.vip,湖北省襄樊市********************
c**********g,307c02******,182****0719,常*同,1984****,男,******1984********,62************18,s*******@ihtfb.com,云南省西双版**************************
f*******n,307902******,183****8507,范*宸,1992****,男,******1992********,62************63,t*******@pzrcs.co,广西壮族自治***********************
d*******n,307902******,150****1892,戴*文,1985****,女,******1985********,62************05,h*******@tbogz.co,广西壮族自治************************
z*************u,307f02******,155****5063,宗**权,2017****,女,******2017********,62***************96,c*******@eaaau.info,内蒙古自治区**********************
w*******i,307902******,130****4815,魏*之,2004****,男,******2004********,62***************88,s*******@zpyfg.vip,四川省泸州市********************
b*********n,307b02******,134****4342,百**鑫,2005****,女,******2005********,62************68,o*******@rcwmy.vip,广东省汕尾市********************
w*****u,307702******,157****0532,万*茹,1987****,男,******1987********,62***************94,g*******@cipxj.net,河北省廊坊市********************
c****o,307602******,156****0928,蔡*,1982****,女,******1982********,62***************11,v*******@rurnr.store,湖北省孝感市*******************
z**********o,307c02******,185****7918,仲**羽,2001****,男,******2001********,62***************21,j*******@wcmlw.com.cn,江西省九江市********************
l*******a,307902******,182****0173,廖*嘉,2010****,女,******2010********,62***************91,d*******@kjopa.com,江西省九江市*******************
y*********g,307b02******,182****0828,尹*明,2008****,女,******2008********,62**************39,k*******@feigx.cloud,吉林省通化市*********************
z********a,307a02******,136****0569,周*霞,1974****,男,******1974********,62***************77,r*******@dvtdj.org,湖南省永州市*****************
q*******g,307902******,184****0315,秦*鸿,1991****,男,******1991********,62************87,b*******@dkqtv.vip,广东省汕尾市********************
q******o,307802******,180****5088,秦*豪,2000****,女,******2000********,62***************38,g*******@whybk.club,江西省赣州市********************
z*********i,307b02******,150****4486,钟*伊,1984****,女,******1984********,62************83,n*******@bgcmi.xyz,安徽省芜湖市*********************
g****u,307602******,177****7173,龚*,1982****,女,******1982********,62************58,j*******@acjqw.net,河北省张家口**********************
j*******a,307902******,134****4409,金*娜,1986****,男,******1986********,62************36,y*******@rpqsk.cn,四川省内江市********************
w******e,307802******,158****3107,尉*赫,2005****,女,******2005********,62**************44,l*******@jwkpz.us,江西省景德镇**********************
d*****a,307702******,138****7598,杜*佳,1977****,男,******1977********,62************77,d*******@ngbqe.biz,宁夏回族自治**************************
m***********g,307d02******,170****6568,孟*生,2007****,女,******2007********,62***************34,x*******@eutft.info,新疆维吾尔自******************************
l*****n,307702******,189****1146,廖*,1980****,女,******1980********,62**************26,s*******@diawg.com.cn,河南省鹤壁市********************
j******n,307802******,186****1619,蒋*,1990****,女,******1990********,62************64,e*******@lhzpr.space,吉林省四平市*******************
t********n,307a02******,133****1636,田*伸,1984****,男,******1984********,62***************67,g*******@thadk.me,浙江省嘉兴市*********************
c********g,307a02******,137****6530,蔡*葶,1975****,女,******1975********,62************27,i*******@zjvzq.org,广东省珠海市********************
x******o,307802******,133****4930,许*多,2014****,女,******2014********,62***************27,n*******@kqwkk.me,西藏自治区那***********************
g*********n,307b02******,188****3424,公**沂,1990****,男,******1990********,62************66,h*******@oypum.store,甘肃省金昌市*******************
c******i,307802******,186****4114,崔*菲,2018****,女,******2018********,62************89,y*******@hxjji.space,辽宁省大连市********************
l*******n,307902******,132****4259,廖*新,1983****,男,******1983********,62***************46,z*******@uxdvy.me,新疆维吾尔自**************************
h**********n,307c02******,147****7714,黄*善,2018****,男,******2018********,62***************64,g*******@qxqrc.co,新疆维吾尔自*************************
h*******a,307902******,180****6840,呼**妮,1988****,女,******1988********,62************46,a*******@ldjkw.com.cn,湖南省岳阳市********************
x*******u,307902******,185****2978,西**歌,2018****,女,******2018********,62***************33,a*******@ghcrr.space,甘肃省金昌市*********************
w*********n,307b02******,155****7906,王*闵,2000****,男,******2000********,62***************85,h*******@zysee.net,山西省晋城市*********************
z**************g,308180******,180****8748,宗**伟,1992****,男,******1992********,62***************39,u*******@jvegb.us,新疆维吾尔自****************************
g*********a,307b02******,185****3636,公*娜,2012****,女,******2012********,62*************93,i*******@pzdjn.us,内蒙古自治区**********************
s******i,307802******,153****3703,石*忆,1996****,女,******1996********,62************52,w*******@phyqg.info,内蒙古自治区************************
m*********g,307b02******,158****1550,孟*晴,1978****,男,******1978********,62***************88,w*******@bepvc.biz,山西省吕梁市*********************
c*********n,307b02******,157****0008,崔*南,1973****,男,******1973********,62************63,g*******@ttfhd.biz,广东省广州市********************
d********g,307a02******,156****0292,丁*,2000****,男,******2000********,62************29,l*******@sdebt.me,安徽省淮南市*******************
r*******g,307902******,189****0416,任*鸣,1988****,女,******1988********,62***************77,y*******@edqhl.com,江西省景德镇*******************
s********g,307a02******,178****4362,邵*童,2000****,男,******2000********,62***************86,q*******@iwozl.net,新疆维吾尔自**************************
d**i,307402******,133****2962,杜*,1998****,男,******1998********,62***************37,w*******@jkiyq.org,山西省朔州市*********************
t*******g,307902******,151****3992,唐*,2007****,女,******2007********,62**************07,a*******@ofovd.vip,湖北省荆门市********************
x*************g,307f02******,186****3491,轩**家,1984****,男,******1984********,62************66,u*******@chdxr.xyz,青海省海南藏************************
c*******u,307902******,151****7862,陈*禄,2012****,男,******2012********,62***************83,j*******@mqnnz.org,辽宁省朝阳市********************
